<?xml version="1.0" encoding="UTF-8"?>
<con:soapui-project id="d8a53833-e5fa-4abf-9026-0633b2d4de6e" activeEnvironment="Default" name="erc20-soap-project" resourceRoot="${projectDir}" soapui-version="5.3.0" abortOnError="false" runType="SEQUENTIAL" xmlns:con="http://eviware.com/soapui/config"><con:settings/><con:interface xsi:type="con:RestService" id="23992da8-910a-40f6-af5f-29b9c85862e4" wadlVersion="http://wadl.dev.java.net/2009/02" name="http://localhost:8080" type="rest" xmlns:xsi="http://www.w3.org/2001/XMLSchema-instance"><con:settings/><con:definitionCache/><con:endpoints><con:endpoint>http://localhost:8080</con:endpoint></con:endpoints><con:resource name="Send" path="/send" id="3d1ae417-eaf5-4d37-b7eb-0cc7871edb56"><con:settings/><con:parameters/><con:method name="Send 1" id="c666b99a-80ee-40f8-8b92-ed164c0b1cca" method="POST"><con:settings/><con:parameters/><con:representation type="RESPONSE"><con:mediaType xsi:nil="true"/><con:status>0</con:status><con:params/><con:element>data</con:element></con:representation><con:representation type="REQUEST"><con:mediaType>application/json</con:mediaType><con:params/></con:representation><con:representation type="RESPONSE"><con:mediaType>application/json;charset=UTF-8</con:mediaType><con:status>200</con:status><con:params/><con:element xmlns:send="http://localhost/send">send:Response</con:element></con:representation><con:request name="Request 1" id="c25ab6b0-9339-4c09-9f8f-65b669f68c3f" mediaType="application/json" postQueryString="false"><con:settings><con:setting id="com.eviware.soapui.impl.wsdl.WsdlRequest@request-headers">&lt;xml-fragment/></con:setting></con:settings><con:endpoint>http://localhost:8080</con:endpoint><con:request>{
	"toAddress":"string",
	"fromAddress":"string",
	"ether":1234
}</con:request><con:originalUri>http://localhost/send</con:originalUri><con:credentials><con:authType>No Authorization</con:authType></con:credentials><con:jmsConfig JMSDeliveryMode="PERSISTENT"/><con:jmsPropertyConfig/><con:parameters/></con:request></con:method></con:resource></con:interface><con:properties/><con:wssContainer/><con:oAuth2ProfileContainer/><con:oAuth1ProfileContainer/></con:soapui-project>